[
  {
    "id": "06043662-a805-428d-bff3-beef18b341b0",
    "data": [
      {
        "text": "later",
        "userDefined": false
      }
    ],
    "isTemplate": false,
    "count": 0,
    "updated": 0
  },
  {
    "id": "7028b952-1187-43ed-9f7f-a31fc98b1c65",
    "data": [
      {
        "text": "over and out",
        "userDefined": false
      }
    ],
    "isTemplate": false,
    "count": 0,
    "updated": 0
  },
  {
    "id": "11f89aba-a82e-4528-b135-ffc49fd4cf1f",
    "data": [
      {
        "text": "exit",
        "userDefined": false
      }
    ],
    "isTemplate": false,
    "count": 0,
    "updated": 0
  },
  {
    "id": "5ff446b9-a9a1-4f4c-a151-a35635e45d70",
    "data": [
      {
        "text": "bye bye",
        "userDefined": false
      }
    ],
    "isTemplate": false,
    "count": 0,
    "updated": 0
  },
  {
    "id": "c531fc27-9808-42f9-895e-a46efe51d436",
    "data": [
      {
        "text": "bye",
        "userDefined": false
      }
    ],
    "isTemplate": false,
    "count": 0,
    "updated": 0
  },
  {
    "id": "be4cc8a4-bf21-4622-a610-c62e46183e10",
    "data": [
      {
        "text": "done",
        "userDefined": false
      }
    ],
    "isTemplate": false,
    "count": 0,
    "updated": 0
  },
  {
    "id": "4e5d67e8-fd69-42e3-8a22-33c3ee605fc7",
    "data": [
      {
        "text": "thanks",
        "userDefined": false
      }
    ],
    "isTemplate": false,
    "count": 0,
    "updated": 0
  },
  {
    "id": "046ec8c9-5024-4697-8748-1406be9a9066",
    "data": [
      {
        "text": "quit",
        "userDefined": false
      }
    ],
    "isTemplate": false,
    "count": 0,
    "updated": 0
  }
]