[
  {
    "id": "b796224b-7faf-4a1d-88bc-2933766100f8",
    "data": [
      {
        "text": "marine forecast for ",
        "userDefined": false
      },
      {
        "text": "Zone",
        "alias": "location",
        "meta": "@sys.any",
        "userDefined": true
      }
    ],
    "isTemplate": false,
    "count": 0,
    "updated": 0
  },
  {
    "id": "4b9d38c1-bc6a-41e3-87ca-63500e48da33",
    "data": [
      {
        "text": "give me forecast for ",
        "userDefined": false
      },
      {
        "text": "Zone",
        "alias": "location",
        "meta": "@sys.any",
        "userDefined": true
      }
    ],
    "isTemplate": false,
    "count": 0,
    "updated": 0
  },
  {
    "id": "7ae7c14a-5911-4412-9d76-17f264a00a27",
    "data": [
      {
        "text": "give me the latest marine forecast for ",
        "userDefined": false
      },
      {
        "text": "Zone",
        "alias": "location",
        "meta": "@sys.any",
        "userDefined": true
      }
    ],
    "isTemplate": false,
    "count": 0,
    "updated": 0
  },
  {
    "id": "2c1a3c79-7b90-4b36-989e-bf8d041c7190",
    "data": [
      {
        "text": "forecast for ",
        "userDefined": false
      },
      {
        "text": "Zone",
        "alias": "location",
        "meta": "@sys.any",
        "userDefined": true
      }
    ],
    "isTemplate": false,
    "count": 0,
    "updated": 0
  }
]