[
  {
    "id": "2fc5af83-004a-475a-a100-3aefe5d55fa8",
    "data": [
      {
        "text": "tell me forecast",
        "userDefined": false
      }
    ],
    "isTemplate": false,
    "count": 0,
    "lang": "en",
    "updated": 0
  },
  {
    "id": "98cb4ac3-a310-4bd6-ab59-ad76e3e4b6e0",
    "data": [
      {
        "text": "marine forecast",
        "userDefined": false
      }
    ],
    "isTemplate": false,
    "count": 0,
    "lang": "en",
    "updated": 0
  },
  {
    "id": "dbcb2bad-1dd2-4546-ba51-50e52e5b99cc",
    "data": [
      {
        "text": "forcast",
        "userDefined": false
      }
    ],
    "isTemplate": false,
    "count": 0,
    "lang": "en",
    "updated": 0
  },
  {
    "id": "753e1fd1-78f9-4249-97e0-d71c4d6db48f",
    "data": [
      {
        "text": "give me forecast",
        "userDefined": false
      }
    ],
    "isTemplate": false,
    "count": 0,
    "lang": "en",
    "updated": 0
  },
  {
    "id": "f85e3200-8c85-4001-b521-8e28b7a8d011",
    "data": [
      {
        "text": "latest forecast",
        "userDefined": false
      }
    ],
    "isTemplate": false,
    "count": 0,
    "lang": "en",
    "updated": 0
  }
]