[
  {
    "id": "6aa7a165-57bd-49e4-aa0d-d4bf33c273e0",
    "data": [
      {
        "text": "help me",
        "userDefined": false
      }
    ],
    "isTemplate": false,
    "count": 0,
    "lang": "en",
    "updated": 0
  },
  {
    "id": "5a4f1d27-54b4-4ca2-aff3-d4b7ab11e3f0",
    "data": [
      {
        "text": "i do not know what to do",
        "userDefined": false
      }
    ],
    "isTemplate": false,
    "count": 0,
    "lang": "en",
    "updated": 0
  },
  {
    "id": "cde633c7-bc10-46a9-9170-8986b1a3606b",
    "data": [
      {
        "text": "what can you do?",
        "userDefined": false
      }
    ],
    "isTemplate": false,
    "count": 0,
    "lang": "en",
    "updated": 0
  },
  {
    "id": "d22597eb-936b-4c99-9427-4d458a50459a",
    "data": [
      {
        "text": "about",
        "userDefined": false
      }
    ],
    "isTemplate": false,
    "count": 0,
    "lang": "en",
    "updated": 0
  },
  {
    "id": "18f3fe1f-a9b5-4239-9802-fab88267928a",
    "data": [
      {
        "text": "help",
        "userDefined": false
      }
    ],
    "isTemplate": false,
    "count": 0,
    "lang": "en",
    "updated": 0
  }
]