[
  {
    "id": "e7590aeb-1900-4f5e-b352-bd09355aebfd",
    "data": [
      {
        "text": "coordinates of ",
        "userDefined": false
      },
      {
        "text": "location",
        "meta": "@sys.any",
        "alias": "location",
        "userDefined": true
      }
    ],
    "isTemplate": false,
    "count": 0,
    "lang": "en",
    "updated": 0
  },
  {
    "id": "eaa71a59-bc95-4d33-8a4f-0ff8abd4c55d",
    "data": [
      {
        "text": "where is ",
        "userDefined": false
      },
      {
        "text": "location",
        "meta": "@sys.any",
        "alias": "location",
        "userDefined": true
      }
    ],
    "isTemplate": false,
    "count": 0,
    "lang": "en",
    "updated": 0
  },
  {
    "id": "733ee1e3-3288-4d7a-9734-99552201b792",
    "data": [
      {
        "text": "locate ",
        "userDefined": false
      },
      {
        "text": "location",
        "meta": "@sys.any",
        "alias": "location",
        "userDefined": true
      }
    ],
    "isTemplate": false,
    "count": 0,
    "lang": "en",
    "updated": 0
  },
  {
    "id": "afb92491-9299-40fd-afca-2307c9430b7c",
    "data": [
      {
        "text": "find ",
        "userDefined": false
      },
      {
        "text": "location",
        "meta": "@sys.any",
        "alias": "location",
        "userDefined": true
      }
    ],
    "isTemplate": false,
    "count": 0,
    "lang": "en",
    "updated": 0
  }
]