[
  {
    "id": "a0013b63-8c25-411e-be47-dfae82543a9a",
    "data": [
      {
        "text": "id",
        "alias": "id",
        "meta": "@sys.any",
        "userDefined": true
      },
      {
        "text": " buoy",
        "userDefined": false
      }
    ],
    "isTemplate": false,
    "count": 0,
    "updated": 0
  },
  {
    "id": "192b271d-7cc2-4dc7-b30e-dea84a57e302",
    "data": [
      {
        "text": "data from ",
        "userDefined": false
      },
      {
        "text": "id",
        "alias": "id",
        "meta": "@sys.any",
        "userDefined": true
      },
      {
        "text": " buoy",
        "userDefined": false
      }
    ],
    "isTemplate": false,
    "count": 0,
    "updated": 0
  },
  {
    "id": "11fbf422-59d1-421b-97e8-b4e91b646b1b",
    "data": [
      {
        "text": "buoy data for ",
        "userDefined": false
      },
      {
        "text": "id",
        "alias": "id",
        "meta": "@sys.any",
        "userDefined": true
      }
    ],
    "isTemplate": false,
    "count": 0,
    "updated": 0
  },
  {
    "id": "ac9d0b55-9c0c-4bac-a574-83e757befefb",
    "data": [
      {
        "text": "buoy observations for ",
        "userDefined": false
      },
      {
        "text": "id",
        "alias": "id",
        "meta": "@sys.any",
        "userDefined": true
      }
    ],
    "isTemplate": false,
    "count": 0,
    "updated": 0
  }
]