[
  {
    "id": "f3371cbd-1ed8-471e-98ed-65fb79a07635",
    "data": [
      {
        "text": "wind conditions",
        "userDefined": false
      }
    ],
    "isTemplate": false,
    "count": 0,
    "lang": "en",
    "updated": 0
  },
  {
    "id": "ab4f9be9-17cd-423e-b4d8-75be8d583ff4",
    "data": [
      {
        "text": "is it windy",
        "userDefined": false
      }
    ],
    "isTemplate": false,
    "count": 0,
    "lang": "en",
    "updated": 0
  },
  {
    "id": "bc773711-e2f8-45ff-beae-4c4c63ccfe39",
    "data": [
      {
        "text": "local observations",
        "userDefined": false
      }
    ],
    "isTemplate": false,
    "count": 0,
    "lang": "en",
    "updated": 0
  },
  {
    "id": "149b74cb-d22f-4765-9eb9-818aae948c1c",
    "data": [
      {
        "text": "dillon beach",
        "meta": "@sys.ignore",
        "userDefined": false
      },
      {
        "text": " report",
        "userDefined": false
      }
    ],
    "isTemplate": false,
    "count": 0,
    "lang": "en",
    "updated": 0
  },
  {
    "id": "5746a25a-558b-4a8b-b786-656c27d8cc68",
    "data": [
      {
        "text": "bodega ",
        "userDefined": false
      },
      {
        "text": "bay",
        "meta": "@sys.ignore",
        "userDefined": false
      },
      {
        "text": " report",
        "userDefined": false
      }
    ],
    "isTemplate": false,
    "count": 0,
    "lang": "en",
    "updated": 0
  },
  {
    "id": "75a2d03c-bdf6-4bfc-920a-b674168b0579",
    "data": [
      {
        "text": "bodega report",
        "userDefined": false
      }
    ],
    "isTemplate": false,
    "count": 0,
    "lang": "en",
    "updated": 0
  },
  {
    "id": "b80770d3-2bf8-4532-a545-8e40fde7d59a",
    "data": [
      {
        "text": "dillon report",
        "userDefined": false
      }
    ],
    "isTemplate": false,
    "count": 0,
    "lang": "en",
    "updated": 0
  },
  {
    "id": "90a0a22f-c7f5-4a25-b168-092a7bf694d1",
    "data": [
      {
        "text": "conditions around bodega",
        "userDefined": false
      }
    ],
    "isTemplate": false,
    "count": 0,
    "lang": "en",
    "updated": 0
  },
  {
    "id": "64fcedba-3626-4330-8fa7-891975e4ca55",
    "data": [
      {
        "text": "conditions around ",
        "userDefined": false
      },
      {
        "text": "dilon",
        "meta": "@sys.ignore",
        "userDefined": false
      }
    ],
    "isTemplate": false,
    "count": 0,
    "lang": "en",
    "updated": 0
  },
  {
    "id": "eb53582e-105d-47bd-a721-22f82d116f55",
    "data": [
      {
        "text": "dillon conditions",
        "userDefined": false
      }
    ],
    "isTemplate": false,
    "count": 0,
    "lang": "en",
    "updated": 0
  },
  {
    "id": "4aa917e5-9b99-48ae-aaf6-ed142c54ed5f",
    "data": [
      {
        "text": "bodega conditions",
        "userDefined": false
      }
    ],
    "isTemplate": false,
    "count": 0,
    "lang": "en",
    "updated": 0
  },
  {
    "id": "27f95e74-e432-448e-91ea-442b00cf0a6a",
    "data": [
      {
        "text": "current conditions",
        "userDefined": false
      }
    ],
    "isTemplate": false,
    "count": 0,
    "lang": "en",
    "updated": 0
  },
  {
    "id": "823fbee6-5018-431c-b7d6-ad977fa9a29e",
    "data": [
      {
        "text": "local conditions",
        "userDefined": false
      }
    ],
    "isTemplate": false,
    "count": 1,
    "lang": "en",
    "updated": 0
  }
]