[
  {
    "id": "7228750a-1d4a-4d84-a653-b2f3da1ffadd",
    "data": [
      {
        "text": "give me the jist",
        "userDefined": false
      }
    ],
    "isTemplate": false,
    "count": 0,
    "updated": 0
  },
  {
    "id": "ce23d778-e38c-424e-b071-439476bc81ff",
    "data": [
      {
        "text": "give me skinny",
        "userDefined": false
      }
    ],
    "isTemplate": false,
    "count": 0,
    "updated": 0
  },
  {
    "id": "a0f9a2bc-6d79-4b09-9e82-5713f92dc5c7",
    "data": [
      {
        "text": "jist",
        "userDefined": false
      }
    ],
    "isTemplate": false,
    "count": 0,
    "updated": 0
  },
  {
    "id": "0ac146bf-ee4e-49d2-9317-666e3476db23",
    "data": [
      {
        "text": "summery",
        "userDefined": false
      }
    ],
    "isTemplate": false,
    "count": 0,
    "updated": 0
  },
  {
    "id": "e63b039f-3c2f-46b7-bd41-325ff706371a",
    "data": [
      {
        "text": "give me summery",
        "userDefined": false
      }
    ],
    "isTemplate": false,
    "count": 0,
    "updated": 0
  },
  {
    "id": "61144578-2de8-48ca-a237-cf4a7b1ae040",
    "data": [
      {
        "text": "skinny",
        "userDefined": false
      }
    ],
    "isTemplate": false,
    "count": 0,
    "updated": 0
  },
  {
    "id": "6b2311f5-96c5-40a3-aa93-22ceec0c7603",
    "data": [
      {
        "text": "summery report",
        "userDefined": false
      }
    ],
    "isTemplate": false,
    "count": 0,
    "updated": 0
  }
]