[
  {
    "id": "5a44e1ee-2259-4211-beb8-fd03147a2815",
    "data": [
      {
        "text": "how are tides at ",
        "userDefined": false
      },
      {
        "text": "location",
        "alias": "location",
        "meta": "@sys.any",
        "userDefined": true
      }
    ],
    "isTemplate": false,
    "count": 0,
    "updated": 0
  },
  {
    "id": "bf5b04d3-02d1-42dd-b3d2-a01f997cd284",
    "data": [
      {
        "text": "tides for ",
        "userDefined": false
      },
      {
        "text": "location",
        "alias": "location",
        "meta": "@sys.any",
        "userDefined": true
      }
    ],
    "isTemplate": false,
    "count": 0,
    "updated": 0
  },
  {
    "id": "1e61eb13-511e-4954-b224-e3f8d3e99c5c",
    "data": [
      {
        "text": "give me tides for ",
        "userDefined": false
      },
      {
        "text": "location",
        "alias": "location",
        "meta": "@sys.any",
        "userDefined": true
      }
    ],
    "isTemplate": false,
    "count": 0,
    "updated": 0
  }
]