[
  {
    "id": "374f136c-b453-47ad-bae9-e14c2b0e7f55",
    "data": [
      {
        "text": "when can i go sailing",
        "userDefined": false
      }
    ],
    "isTemplate": false,
    "count": 0,
    "lang": "en",
    "updated": 0
  },
  {
    "id": "7045f1da-3e78-4f7c-8864-02a89f6593bf",
    "data": [
      {
        "text": "wind future",
        "userDefined": false
      }
    ],
    "isTemplate": false,
    "count": 0,
    "lang": "en",
    "updated": 0
  },
  {
    "id": "abdc5f8e-8f67-4d61-92c8-dbc87b56553a",
    "data": [
      {
        "text": "is it going to be windy in ",
        "userDefined": false
      },
      {
        "text": "location",
        "meta": "@sys.any",
        "alias": "location",
        "userDefined": true
      }
    ],
    "isTemplate": false,
    "count": 0,
    "lang": "en",
    "updated": 0
  },
  {
    "id": "77d31629-76f2-4c89-aab0-c4dae50d562a",
    "data": [
      {
        "text": "will it be windy in ",
        "userDefined": false
      },
      {
        "text": "location",
        "meta": "@sys.any",
        "alias": "location",
        "userDefined": true
      }
    ],
    "isTemplate": false,
    "count": 0,
    "lang": "en",
    "updated": 0
  },
  {
    "id": "33a35079-d36b-4124-ab80-622a9179ecaa",
    "data": [
      {
        "text": "will it be windy at ",
        "userDefined": false
      },
      {
        "text": "location",
        "meta": "@sys.any",
        "alias": "location",
        "userDefined": true
      }
    ],
    "isTemplate": false,
    "count": 0,
    "lang": "en",
    "updated": 0
  },
  {
    "id": "dc06a065-7832-4f98-ac78-f571496e1a03",
    "data": [
      {
        "text": "will it be windy",
        "userDefined": false
      }
    ],
    "isTemplate": false,
    "count": 0,
    "lang": "en",
    "updated": 0
  }
]