[
  {
    "id": "b4edb5fe-422c-4c8a-8b41-b86ea4142daf",
    "data": [
      {
        "text": "marine zone forecast for ",
        "userDefined": false
      },
      {
        "text": "zone",
        "alias": "zone",
        "meta": "@sys.any",
        "userDefined": true
      }
    ],
    "isTemplate": false,
    "count": 0,
    "updated": 0
  },
  {
    "id": "bbcd781c-377c-4ee2-baa4-0459a445915c",
    "data": [
      {
        "text": "zone forecast for ",
        "userDefined": false
      },
      {
        "text": "zone",
        "alias": "zone",
        "meta": "@sys.any",
        "userDefined": true
      }
    ],
    "isTemplate": false,
    "count": 0,
    "updated": 0
  }
]