[
  {
    "value": "friday",
    "synonyms": [
      "friday"
    ]
  },
  {
    "value": "monday",
    "synonyms": [
      "monday"
    ]
  },
  {
    "value": "saturday",
    "synonyms": [
      "saturday"
    ]
  },
  {
    "value": "sunday",
    "synonyms": [
      "sunday"
    ]
  },
  {
    "value": "thursday",
    "synonyms": [
      "thursday"
    ]
  },
  {
    "value": "tuesday",
    "synonyms": [
      "tuesday"
    ]
  },
  {
    "value": "wednsday",
    "synonyms": [
      "wednsday"
    ]
  }
]